Frequency_Hz,Reflection_Coefficient,Absorption_Coefficient,Attenuation_dB,Specific_Resistance_Ratio,Specific_Reactance_Ratio
380,0.842151,0.2907816,1.4922,6.885722,-5.703996
384,0.8407335,0.2931671,1.506833,6.46233,-5.699673
388,0.8373952,0.2987693,1.541391,6.191637,-5.583509
392,0.8343555,0.3038508,1.572977,6.061799,-5.470893
396,0.8359525,0.3011834,1.556368,5.819075,-5.548247
400,0.8374004,0.2987605,1.541337,5.414494,-5.598841
404,0.8361406,0.3008689,1.554414,5.292337,-5.546816
408,0.8345053,0.3036008,1.571418,5.138986,-5.479049
412,0.8315514,0.3085223,1.602218,4.903809,-5.359389
416,0.8302999,0.3106021,1.615301,4.733137,-5.299574
420,0.8294428,0.3120247,1.624271,4.670598,-5.264888
424,0.8301193,0.310902,1.61719,4.391214,-5.237485
428,0.8306172,0.310075,1.611981,4.240649,-5.219235
432,0.8295621,0.3118267,1.623022,4.213059,-5.183398
436,0.8250014,0.3193728,1.670907,4.010644,-5.012481
440,0.8246452,0.3199604,1.674658,3.906498,-4.976299
444,0.8244541,0.3202754,1.67667,3.733835,-4.921749
448,0.8181536,0.3306246,1.743303,3.630099,-4.741334
452,0.8186014,0.3298917,1.73855,3.482548,-4.704606
456,0.818267,0.3304392,1.7421,3.419838,-4.675738
460,0.8165631,0.3332247,1.760205,3.297122,-4.594901
464,0.8154527,0.3350369,1.772024,3.232995,-4.547574
468,0.8118587,0.3408854,1.810391,3.127577,-4.434248
472,0.8113555,0.3417022,1.815776,3.083389,-4.406858
476,0.8116646,0.3412005,1.812468,2.97858,-4.369179
480,0.8077878,0.3474788,1.854054,2.928377,-4.27526
484,0.8075871,0.3478031,1.856213,2.815869,-4.221822
488,0.8047564,0.3523671,1.886711,2.759669,-4.146334
492,0.8000275,0.359956,1.937902,2.749017,-4.061187
496,0.7996608,0.3605426,1.941884,2.685237,-4.026176
500,0.8007637,0.3587775,1.929913,2.594116,-4.000506
504,0.7996371,0.3605806,1.942142,2.499559,-3.934622
508,0.7981884,0.3628952,1.957891,2.462972,-3.893052
512,0.7941462,0.3693318,2.001991,2.438003,-3.81898
516,0.7934118,0.3704977,2.010027,2.356891,-3.76523
520,0.7856063,0.3828228,2.095901,2.351605,-3.652116
524,0.785859,0.3824257,2.093107,2.312372,-3.635184
528,0.7839777,0.385379,2.113926,2.313113,-3.609985
532,0.7843517,0.3847924,2.109783,2.205468,-3.556865
536,0.7828318,0.3871744,2.126631,2.118111,-3.48714
540,0.7760925,0.3976805,2.201731,2.074572,-3.378421
544,0.7732133,0.4021412,2.234014,2.100297,-3.358467
548,0.773082,0.4023442,2.235488,2.019068,-3.310328
552,0.7721976,0.4037108,2.245431,1.960526,-3.265017
556,0.7666488,0.4122496,2.30807,1.941904,-3.191743
560,0.767487,0.4109637,2.298579,1.875537,-3.160111
564,0.7675178,0.4109164,2.298231,1.812094,-3.119562
568,0.7641988,0.4160002,2.335874,1.816474,-3.087647
572,0.7640043,0.4162974,2.338084,1.801273,-3.075781
576,0.7645929,0.4153976,2.331394,1.742329,-3.042547
580,0.7603889,0.4218087,2.379285,1.72836,-2.990993
584,0.7537451,0.4318684,2.45551,1.707821,-2.91302
588,0.7535747,0.4321252,2.457474,1.701418,-2.907173
592,0.7509451,0.4360815,2.487836,1.671238,-2.862531
596,0.7458786,0.4436651,2.546637,1.645389,-2.799362
600,0.7487623,0.439355,2.513121,1.560687,-2.766184
604,0.7475213,0.4412118,2.527528,1.557803,-2.753287
608,0.7416244,0.4499933,2.59632,1.559307,-2.703823
612,0.7389759,0.4539146,2.627395,1.550951,-2.675815
616,0.7352688,0.4593799,2.671078,1.53877,-2.636915
620,0.7357924,0.4586095,2.664894,1.525911,-2.63226
624,0.7333055,0.4622631,2.694302,1.489232,-2.586536
628,0.7256321,0.4734581,2.785671,1.49945,-2.533934
632,0.7237034,0.4762533,2.808787,1.489248,-2.512305
636,0.7162678,0.4869605,2.898492,1.485279,-2.454342
640,0.7113598,0.4939672,2.958214,1.493114,-2.423877
644,0.709049,0.4972494,2.986474,1.446321,-2.376991
648,0.7039853,0.5044047,3.048728,1.42679,-2.329235
652,0.7052488,0.5026241,3.033153,1.419384,-2.332889
656,0.7030718,0.50569,3.060006,1.407302,-2.310116
660,0.6976494,0.5132853,3.127255,1.402078,-2.270755
664,0.6935871,0.5189369,3.177979,1.399495,-2.242727
668,0.6914499,0.521897,3.204785,1.377221,-2.214571
672,0.6887738,0.5255907,3.238468,1.364149,-2.189209
676,0.6854988,0.5300913,3.279866,1.350474,-2.16004
680,0.6761704,0.5427936,3.398877,1.34427,-2.100168
684,0.6780667,0.5402255,3.374551,1.318706,-2.094688
688,0.67466,0.5448338,3.4183,1.331952,-2.083453
692,0.6617149,0.5621334,3.586582,1.37317,-2.034502
696,0.6603298,0.5639645,3.604781,1.344975,-2.010105
700,0.6612938,0.5626905,3.592111,1.297135,-1.985981
704,0.6581056,0.5668971,3.634089,1.310594,-1.97703
708,0.6495772,0.5780494,3.747384,1.299592,-1.924791
712,0.6500884,0.5773851,3.740551,1.280438,-1.915777
716,0.6414269,0.5885715,3.857057,1.291687,-1.877931
720,0.634976,0.5968055,3.944854,1.297217,-1.848566
724,0.6356604,0.5959358,3.935497,1.256751,-1.828265
728,0.6324552,0.6000005,3.979405,1.265644,-1.817822
732,0.6260708,0.6080353,4.067531,1.264017,-1.785958
736,0.622192,0.6128771,4.121511,1.249383,-1.759116
740,0.6180086,0.6180654,4.18011,1.253856,-1.742082
744,0.6139661,0.6230456,4.237112,1.235291,-1.712932
748,0.6044329,0.6346608,4.373038,1.249214,-1.677589
752,0.5997397,0.6403123,4.440743,1.268874,-1.666975
756,0.5909705,0.6507539,4.568685,1.277788,-1.632753
760,0.5911031,0.6505972,4.566736,1.255754,-1.622405
764,0.5877694,0.6545272,4.615861,1.262176,-1.611233
768,0.5838509,0.6591182,4.673962,1.239692,-1.583387
772,0.5791967,0.6645312,4.743479,1.245296,-1.566663
776,0.573552,0.6710382,4.828545,1.240188,-1.540847
780,0.5708081,0.6741781,4.870198,1.242795,-1.530869
784,0.5653827,0.6803424,4.95315,1.250516,-1.512433
788,0.5613592,0.6848758,5.015183,1.231516,-1.487607
792,0.5542707,0.692784,5.125561,1.234612,-1.461136
796,0.555403,0.6915275,5.107836,1.207123,-1.452916
800,0.5433878,0.7047297,5.297803,1.228975,-1.416776
804,0.5356828,0.7130439,5.421846,1.236035,-1.390682
808,0.5303524,0.7187263,5.508708,1.218469,-1.363695
812,0.5268782,0.7223994,5.565796,1.212832,-1.348685
816,0.5205374,0.7290407,5.67096,1.208525,-1.324079
820,0.5164205,0.7333099,5.739931,1.214689,-1.311847
824,0.5091777,0.7407381,5.862613,1.208756,-1.284018
828,0.5021311,0.7478644,5.983658,1.207019,-1.258922
832,0.5001314,0.7498686,6.018319,1.20649,-1.251855
836,0.4970368,0.7529544,6.072228,1.20989,-1.242503
840,0.487159,0.7626761,6.246586,1.201896,-1.206327
844,0.4802468,0.769363,6.370711,1.206966,-1.185093
848,0.4724599,0.7767817,6.512702,1.221593,-1.16407
852,0.4732282,0.776055,6.498587,1.230862,-1.169382
856,0.4649649,0.7838076,6.651597,1.224029,-1.140295
860,0.4541691,0.7937304,6.855648,1.218051,-1.103907
864,0.4441655,0.802717,7.049104,1.22728,-1.074641
868,0.4389051,0.8073623,7.152588,1.234776,-1.059885
872,0.4323459,0.813077,7.283373,1.240731,-1.040675
876,0.4232345,0.8208726,7.46838,1.258531,-1.01572
880,0.421836,0.8220544,7.497128,1.243071,-1.008583
884,0.4197246,0.8238313,7.540713,1.233632,-1.00031
888,0.4126746,0.8296996,7.687844,1.245754,-0.9810178
892,0.4046759,0.8362374,7.857852,1.24111,-0.9560679
896,0.4020753,0.8383355,7.913852,1.265259,-0.9516342
900,0.4011343,0.8390912,7.934203,1.264474,-0.9486745
904,0.3973825,0.8420871,8.015825,1.271123,-0.9380642
908,0.388482,0.8490817,8.212581,1.245887,-0.9084768
912,0.3813756,0.8545526,8.372941,1.232128,-0.8859819
916,0.3759897,0.8586317,8.496481,1.219834,-0.8689216
920,0.3717897,0.8617724,8.594053,1.242283,-0.8592693
924,0.3647066,0.8669891,8.761128,1.251396,-0.839489
928,0.3567889,0.8727017,8.951775,1.250335,-0.8166165
932,0.3485074,0.8785425,9.155758,1.249422,-0.7929142
936,0.3388865,0.885156,9.398916,1.245059,-0.7655743
940,0.333395,0.8888478,9.540818,1.257941,-0.7501324
944,0.3310474,0.8904076,9.602196,1.263015,-0.7433953
948,0.3211163,0.8968843,9.866754,1.278545,-0.7144193
952,0.3092536,0.9043622,10.1937,1.272358,-0.6812025
956,0.3112866,0.9031007,10.13679,1.276492,-0.6865883
960,0.304295,0.9074045,10.3341,1.278548,-0.6665471
964,0.298503,0.9108959,10.50102,1.28369,-0.6494641
968,0.2955798,0.9126326,10.5865,1.298988,-0.6387651
972,0.2838467,0.9194311,10.93832,1.287976,-0.6070638
976,0.2829714,0.9199272,10.96515,1.297388,-0.6027208
980,0.2765866,0.9234999,11.16338,1.296763,-0.5844764
984,0.2701131,0.9270389,11.36909,1.307652,-0.5630423
988,0.2696745,0.9272757,11.3832,1.323598,-0.557237
992,0.2637768,0.9304218,11.57527,1.317967,-0.5414191
996,0.2545002,0.9352297,11.88624,1.317786,-0.5138783
1000,0.2557516,0.9345911,11.84363,1.328534,-0.5137937
1004,0.2464499,0.9392624,12.16543,1.325147,-0.4868704
1008,0.2379381,0.9433855,12.47072,1.32626,-0.4603486
1012,0.2392046,0.9427812,12.42461,1.344053,-0.4559804
1016,0.2352365,0.9446638,12.56991,1.349969,-0.4402657
1020,0.2320743,0.9461415,12.68746,1.331585,-0.4396016
1024,0.226478,0.9487077,12.89948,1.337747,-0.4186052
1028,0.2254803,0.9491587,12.93783,1.353851,-0.4060344
1032,0.2238625,0.9498856,13.00037,1.35454,-0.4001932
1036,0.2237315,0.9499442,13.00546,1.368891,-0.3904427
1040,0.2235197,0.950039,13.01369,1.382318,-0.3802743
1044,0.2170646,0.9528829,13.26822,1.390678,-0.3498991
1048,0.2074238,0.9569753,13.66283,1.375953,-0.3257381
1052,0.2051643,0.9579076,13.75797,1.375956,-0.3170276
1056,0.1966359,0.9613343,14.12675,1.360038,-0.2986304
1060,0.1908523,0.9635754,14.38605,1.339127,-0.295765
1064,0.1939542,0.9623818,14.24602,1.368645,-0.2794546
1068,0.1922516,0.9630393,14.3226,1.38254,-0.2567227
1072,0.1942425,0.9622698,14.23311,1.390896,-0.2556283
1076,0.1870641,0.965007,14.56019,1.373948,-0.2438249
1080,0.1808761,0.9672838,14.85238,1.366549,-0.2247737
1084,0.1810439,0.9672231,14.84432,1.376591,-0.2116055
1088,0.1800184,0.9675934,14.89366,1.381488,-0.1988511
1092,0.1790387,0.9679452,14.94106,1.381013,-0.1943343
1096,0.1808798,0.9672825,14.85219,1.394583,-0.181623
1100,0.1806135,0.9673788,14.865,1.399316,-0.1711541
1104,0.1730544,0.9700522,15.23635,1.381489,-0.1583207
1108,0.172822,0.9701326,15.24802,1.383129,-0.1534324
1112,0.1717276,0.9705096,15.3032,1.386905,-0.1373945
1116,0.1706652,0.9708734,15.35709,1.391411,-0.1173432
1120,0.1699966,0.9711012,15.3912,1.393708,-0.1043767
1124,0.1679274,0.9718004,15.49757,1.390011,-0.09608278
1128,0.1626065,0.9735591,15.77724,1.376895,-0.08677783
1132,0.1622426,0.9736773,15.7967,1.380755,-0.06585313
1136,0.1579687,0.9750459,16.02857,1.371786,-0.04697117
1140,0.1589716,0.974728,15.97361,1.375734,-0.03872699
1144,0.1697314,0.9711913,15.40476,1.407648,-0.0290735
1148,0.1686797,0.9715472,15.45875,1.405407,-0.01675118
1152,0.1642179,0.9730325,15.69159,1.392944,0.004031637
1156,0.1621168,0.9737182,15.80344,1.386887,0.007337953
1160,0.1592595,0.9746364,15.9579,1.378169,0.02117076
1164,0.1566614,0.9754572,16.10076,1.369051,0.03980685
1168,0.154574,0.9761069,16.21727,1.360594,0.0564853
1172,0.1595737,0.9745362,15.94077,1.371566,0.0727311
1176,0.1646901,0.9728771,15.66665,1.385786,0.07553957
1180,0.1624688,0.9736039,15.7846,1.376968,0.08499073
1184,0.1523491,0.9767898,16.34321,1.342587,0.1012086
1188,0.1634679,0.9732782,15.73135,1.370122,0.1160993
1192,0.1659859,0.9724486,15.59857,1.368655,0.1385644
1196,0.1646129,0.9729026,15.67072,1.356045,0.1559078
1200,0.160999,0.9740793,15.86353,1.342967,0.1591278
1204,0.1633263,0.9733245,15.73888,1.338252,0.1797021
1208,0.1678997,0.9718097,15.499,1.348007,0.1878918
1212,0.1730133,0.9700664,15.23841,1.356781,0.2004329
1216,0.1735163,0.9698921,15.21319,1.347731,0.2154788
1220,0.1779046,0.9683499,14.99625,1.356223,0.2245332
1224,0.1843317,0.9660218,14.688,1.35637,0.2526509
1228,0.1790143,0.9679539,14.94224,1.325208,0.2640738
1232,0.1838769,0.9661893,14.70945,1.339345,0.268925
1236,0.184262,0.9660475,14.69129,1.325207,0.2837994
1240,0.1876033,0.964805,14.53519,1.317346,0.3025107
1244,0.1917895,0.9632168,14.3435,1.315375,0.3185342
1248,0.195001,0.9619746,14.19926,1.304463,0.3369808
1252,0.1949239,0.9620047,14.2027,1.288876,0.346659
1256,0.1962801,0.9614741,14.14247,1.281531,0.3551644
1260,0.2045037,0.9581782,13.78597,1.301008,0.369507
1264,0.2153777,0.9536124,13.33599,1.306955,0.4001011
1268,0.2211372,0.9510983,13.10676,1.304422,0.4190462
1272,0.2187157,0.9521635,13.2024,1.295459,0.4159793
1276,0.2233421,0.9501183,13.02059,1.294516,0.4302455
1280,0.2295839,0.9472913,12.78117,1.276026,0.4558617
1284,0.2347263,0.9449036,12.58877,1.279176,0.4694792
1288,0.237257,0.9437091,12.49562,1.266861,0.4806775
1292,0.2455309,0.9397146,12.19788,1.252889,0.507497
1296,0.2525398,0.9362236,11.9534,1.250569,0.5272328
1300,0.2552167,0.9348644,11.86182,1.256628,0.5332525
1304,0.2569429,0.9339803,11.80327,1.256656,0.5379975
1308,0.2655946,0.9294595,11.51562,1.23898,0.564813
1312,0.2672187,0.9285941,11.46266,1.235518,0.569702
1316,0.2718763,0.9260833,11.31257,1.235638,0.582213
1320,0.2758179,0.9239244,11.18755,1.234565,0.5929531
1324,0.285174,0.9186758,10.8978,1.222998,0.6191343
1328,0.2924955,0.9144464,10.67762,1.231584,0.6381741
1332,0.2950531,0.9129437,10.602,1.21769,0.6458144
1336,0.3016175,0.9090269,10.41087,1.204184,0.6635929
1340,0.3109229,0.903327,10.14695,1.212287,0.6883928
1344,0.3169297,0.8995556,9.980742,1.205046,0.7043992
1348,0.3114673,0.9029881,10.13175,1.201762,0.6897348
1352,0.3195179,0.8979083,9.910097,1.216402,0.7116089
1356,0.3283702,0.892173,9.672725,1.205072,0.7352007
1360,0.3363619,0.8868607,9.463864,1.196184,0.7562501
1364,0.3385439,0.885388,9.4077,1.195174,0.7620761
1368,0.3476593,0.879133,9.176922,1.199363,0.787292
1372,0.3509796,0.8768134,9.094363,1.203685,0.7968392
1376,0.3525594,0.8757019,9.055355,1.196786,0.8004797
1380,0.3613682,0.869413,8.841002,1.192754,0.8242929
1384,0.3652301,0.866607,8.748669,1.203145,0.8363681
1388,0.3685317,0.8641844,8.670503,1.223428,0.8480436
1392,0.3730997,0.8607966,8.563503,1.19116,0.8567201
1396,0.3746618,0.8596286,8.527212,1.190243,0.8609541
1400,0.382424,0.8537519,8.349098,1.189075,0.882614
1404,0.3925834,0.8458782,8.121361,1.180035,0.9097319
1408,0.3975413,0.8419609,8.012355,1.185396,0.9250084
1412,0.3969948,0.8423951,8.024303,1.174987,0.9212488
1416,0.4043594,0.8364935,7.864649,1.17929,0.9433461
1420,0.4069298,0.8344082,7.809611,1.163637,0.947068
1424,0.4108428,0.8312082,7.726488,1.180408,0.9624268
1428,0.4156457,0.8272387,7.625535,1.182311,0.9769456
1432,0.4213756,0.8224426,7.506612,1.163784,0.9890267
1436,0.428492,0.8163946,7.361145,1.145582,1.00467
1440,0.4303669,0.8147843,7.323223,1.178733,1.019729
1444,0.4356945,0.8101703,7.216358,1.168666,1.032891
1448,0.4407884,0.8057056,7.115397,1.160743,1.045852
1452,0.4426666,0.8040463,7.078465,1.145153,1.046551
1456,0.4442744,0.8026203,7.046975,1.149057,1.052655
1460,0.4492173,0.7982038,6.950871,1.141719,1.06512
1464,0.455134,0.7928531,6.837215,1.140643,1.082715
1468,0.4565672,0.7915464,6.809906,1.145542,1.088821
1472,0.4598794,0.7885109,6.747121,1.150757,1.100847
1476,0.459692,0.7886832,6.75066,1.150182,1.100067
1480,0.4634496,0.7852145,6.67995,1.144605,1.109711
1484,0.4668674,0.7820349,6.61613,1.134332,1.116503
1488,0.4688194,0.7802083,6.579888,1.140833,1.125032
1492,0.4728307,0.7764311,6.505886,1.154917,1.142895
1496,0.4751344,0.7742473,6.46367,1.156366,1.150751
1500,0.4796768,0.7699102,6.381025,1.129363,1.154694
1504,0.4838571,0.7658823,6.305656,1.127293,1.167123
1508,0.4859377,0.7638645,6.268387,1.129544,1.174706
1512,0.485096,0.7646819,6.283446,1.138506,1.175688
1516,0.4857815,0.7640163,6.271181,1.131159,1.174876
1520,0.4941756,0.7557904,6.122373,1.115793,1.195292
1524,0.5001851,0.7498149,6.017385,1.105933,1.210294
1528,0.505124,0.7448497,5.932039,1.10963,1.228173
1532,0.5070606,0.7428895,5.898802,1.111539,1.235456
1536,0.5034468,0.7465414,5.960929,1.117728,1.226402
1540,0.5100717,0.7398269,5.847375,1.092318,1.236127
1544,0.5149782,0.7347974,5.764223,1.085861,1.249104
1548,0.5174702,0.7322246,5.722293,1.087857,1.258413
1552,0.5156971,0.7340565,5.752106,1.098223,1.257723
1556,0.5231674,0.7262958,5.627186,1.081886,1.274412
1560,0.5237329,0.7257038,5.617803,1.090487,1.280823
1564,0.5271724,0.7220892,5.560946,1.094228,1.294475
1568,0.5313964,0.7176178,5.491627,1.087623,1.305465
1572,0.5377191,0.7108581,5.38889,1.058869,1.311227
1576,0.5406103,0.7077405,5.342314,1.05935,1.321477
1580,0.5485237,0.6991217,5.216092,1.045553,1.340823
1584,0.5501879,0.6972932,5.189779,1.037521,1.34172
1588,0.5509668,0.6964356,5.177491,1.039489,1.345668
1592,0.5484722,0.6991782,5.216908,1.046016,1.340925
1596,0.5510175,0.6963798,5.176693,1.063076,1.360154
1600,0.5564041,0.6904145,5.092195,1.051014,1.372049
1604,0.5633666,0.6826181,4.984178,1.017375,1.375429
1608,0.5652364,0.6805078,4.955397,1.013516,1.379552
1612,0.566946,0.6785722,4.929165,1.028595,1.395741
1616,0.572485,0.672261,4.844718,1.016183,1.40761
1620,0.5749107,0.6694777,4.807992,1.020522,1.419476
1624,0.5754861,0.6688158,4.799304,1.019349,1.420799
1628,0.5779215,0.6660068,4.762624,1.010393,1.423617
1632,0.5834021,0.659642,4.68064,1.006148,1.441023
1636,0.5843579,0.6585258,4.666421,1.018058,1.453032
1640,0.5800584,0.6635323,4.730566,1.040457,1.45216
1644,0.58808,0.6541619,4.611272,1.014417,1.464573
1648,0.5910009,0.6507179,4.568237,1.01067,1.473042
1652,0.5941777,0.6469529,4.521673,1.006416,1.482159
1656,0.6005938,0.6392871,4.428383,0.9871596,1.49259
1660,0.6015901,0.6380894,4.413987,0.9873405,1.496607
1664,0.6031046,0.6362649,4.392148,0.990582,1.505014
1668,0.6060171,0.6327434,4.350304,0.990109,1.516119
1672,0.6085469,0.6296706,4.314118,0.9820621,1.519871
1676,0.6087669,0.6294029,4.310979,0.9853777,1.523344
1680,0.6094481,0.6285729,4.301265,0.9958797,1.534231
1684,0.611437,0.6261448,4.272966,0.9897085,1.537405
1688,0.6149438,0.6218441,4.223291,0.9872896,1.549645
1692,0.6168117,0.6195433,4.196948,0.9941528,1.562681
1696,0.6202291,0.6153158,4.148956,0.9825174,1.567387
1700,0.6226857,0.6122625,4.114622,0.9765245,1.572618
1704,0.6226626,0.6122913,4.114944,0.9789795,1.574533
1708,0.624387,0.6101409,4.090924,0.9764299,1.579577
1712,0.6270036,0.6068665,4.0546,0.9608213,1.577396
1716,0.631439,0.6012849,3.993373,0.9654359,1.599859
1720,0.6351405,0.5965965,3.942603,0.9660776,1.616106
1724,0.6336484,0.5984897,3.963033,0.978586,1.62036
1728,0.6360863,0.5953941,3.929678,0.9612706,1.616002
1732,0.6410958,0.5889962,3.861542,0.9551485,1.632181
1736,0.6375636,0.5935127,3.90953,0.9843886,1.64211
1740,0.6421473,0.5876468,3.847307,0.969062,1.648944
1744,0.6473706,0.5809113,3.77694,0.9595996,1.663586
1748,0.6519657,0.5749407,3.715505,0.9491777,1.674623
1752,0.6524205,0.5743475,3.709448,0.9509732,1.678298
1756,0.6533027,0.5731956,3.697711,0.9492923,1.68072
1760,0.6519051,0.5750197,3.716312,0.9794003,1.701458
1764,0.6524005,0.5743736,3.709714,0.9889257,1.712063
1768,0.6636692,0.5595433,3.560967,0.9502683,1.729053
1772,0.6584508,0.5664425,3.629533,0.9626618,1.716365
1776,0.6566137,0.5688584,3.653801,0.9837584,1.726883
1780,0.6608411,0.563289,3.598059,0.9727796,1.736662
1784,0.6637177,0.5594788,3.560331,0.9661964,1.744105
1788,0.6632132,0.5601482,3.566937,0.960173,1.73617
1792,0.6598959,0.5645374,3.610492,0.9816549,1.740261
1796,0.6624305,0.5611858,3.577194,0.9824504,1.752873
1800,0.6611267,0.5629115,3.594306,0.9956405,1.758509
1804,0.6654894,0.5571239,3.537178,0.9914178,1.775491
1808,0.6652054,0.5575018,3.540885,0.9927678,1.775346
1812,0.6662449,0.5561177,3.527322,0.9972971,1.7844
1816,0.6599533,0.5644616,3.609736,1.016885,1.771504
1820,0.6551259,0.5708101,3.673505,1.048311,1.774979
1824,0.6554127,0.5704342,3.669703,1.038961,1.768628
1828,0.6560745,0.5695663,3.660938,1.037331,1.770407
1832,0.6620542,0.5616843,3.582129,1.018186,1.782659
1836,0.6627086,0.5608172,3.573547,1.017205,1.78495
1840,0.6594865,0.5650775,3.615882,1.0357,1.785304
1844,0.6500252,0.5774672,3.741396,1.06414,1.763636
1848,0.653465,0.5729834,3.695553,1.063296,1.779237
1852,0.6549791,0.5710025,3.675452,1.050052,1.775707
1856,0.6595555,0.5649866,3.614974,1.033931,1.784142
1860,0.6629218,0.5605347,3.570754,1.027337,1.794721
1864,0.6601447,0.564209,3.607217,1.042212,1.793936
1868,0.6571503,0.5681535,3.646706,1.044975,1.781872
1872,0.6649266,0.5578727,3.544526,1.033427,1.809681
1876,0.6587059,0.5661066,3.626169,1.063358,1.80445
1880,0.6574579,0.567749,3.64264,1.048909,1.786594
1884,0.6642159,0.5588172,3.553814,1.021512,1.795953
1888,0.664979,0.5578029,3.543841,1.047462,1.821878
1892,0.6637875,0.5593861,3.559418,1.046114,1.814899
1896,0.6656626,0.5568932,3.534916,1.041687,1.820342
1900,0.6622891,0.5613731,3.579048,1.049206,1.810181
1904,0.6622397,0.5614386,3.579696,1.046287,1.807495
1908,0.6636389,0.5595833,3.561362,1.049531,1.817045
1912,0.6591084,0.5655761,3.620863,1.059907,1.803581
1916,0.6639123,0.5592204,3.557786,1.064641,1.830966
1920,0.6674008,0.5545762,3.512265,1.063328,1.847203
1924,0.6667252,0.5554776,3.521063,1.050011,1.832647
1928,0.6635605,0.5596874,3.562389,1.061473,1.826612
1932,0.6614926,0.5624275,3.5895,1.086045,1.836409
1936,0.6643767,0.5586035,3.551712,1.090536,1.854366
1940,0.6665695,0.5556852,3.523092,1.071985,1.850235
1944,0.6692987,0.5520393,3.487601,1.046628,1.842563
1948,0.6690684,0.5523475,3.49059,1.036012,1.832284
1952,0.6675022,0.5544409,3.510946,1.050714,1.837096
1956,0.6631956,0.5601716,3.567167,1.051411,1.81645
1960,0.6710948,0.5496317,3.464322,1.025181,1.832894
1964,0.669243,0.5521138,3.488323,1.037565,1.834494
1968,0.6624558,0.5611523,3.576862,1.073914,1.831377
1972,0.6661478,0.5562471,3.528588,1.070219,1.84667
1976,0.6706756,0.5501943,3.46975,1.05716,1.858444
1980,0.676847,0.5418781,3.390189,1.029951,1.866045
1984,0.679218,0.5386629,3.359816,1.049402,1.895414
1988,0.675297,0.5439739,3.410103,1.061929,1.886034
1992,0.6735982,0.5462655,3.431982,1.055902,1.872179
1996,0.6755182,0.5436752,3.407259,1.057899,1.883711
2000,0.6799451,0.5376747,3.350524,1.035921,1.887246
2004,0.6781545,0.5401065,3.373428,1.044409,1.885531
2008,0.6838266,0.5323812,3.301081,1.054131,1.923712
2012,0.6824001,0.5343301,3.319219,1.065827,1.926434
2016,0.6798999,0.5377361,3.3511,1.066876,1.914178
2020,0.6826223,0.5340269,3.316391,1.05494,1.918071
2024,0.6896577,0.5243723,3.227328,1.034506,1.937053
2028,0.6903887,0.5233634,3.218126,1.031812,1.938491
2032,0.6917484,0.5214841,3.201036,1.031847,1.94584
2036,0.690244,0.5235633,3.219948,1.039568,1.944843
2040,0.6932713,0.5193748,3.181935,1.05025,1.971052
2044,0.702511,0.5064784,3.066938,1.009551,1.983636
2048,0.7054924,0.5022805,3.030153,1.007953,1.998784
2052,0.702825,0.5060371,3.063057,1.020224,1.995774
2056,0.7058667,0.5017522,3.025546,1.019209,2.011963
2060,0.7100044,0.4958937,2.974778,1.011555,2.028077
2064,0.7127812,0.491943,2.940876,1.017161,2.049786
2068,0.7143811,0.4896597,2.921401,1.014722,2.05672
2072,0.715122,0.4886006,2.912397,1.014752,2.061114
2076,0.7168403,0.48614,2.891552,1.015699,2.072248
2080,0.7184308,0.4838573,2.872302,1.020173,2.086281
2084,0.7202451,0.4812469,2.850393,1.0257,2.10283
2088,0.7251738,0.4741229,2.791158,1.003705,2.110225
2092,0.7292963,0.4681269,2.74192,0.9965439,2.128139
2096,0.7311602,0.4654047,2.719749,0.9921738,2.135099
2100,0.7308615,0.4658415,2.723298,1.000829,2.142525
2104,0.7311143,0.4654719,2.720295,1.005188,2.148775
2108,0.7317207,0.4645848,2.713093,1.012017,2.159881
2112,0.7341068,0.4610872,2.684815,1.009637,2.172582
2116,0.7371461,0.4566157,2.648929,1.005894,2.188179
2120,0.7381193,0.4551799,2.637469,1.005381,2.193962
2124,0.7391165,0.4537067,2.625742,1.01041,2.205969
2128,0.7383558,0.4548307,2.634686,1.033093,2.22532
2132,0.7432155,0.4476307,2.577705,1.021429,2.245273
2136,0.7436604,0.4469692,2.572506,1.024692,2.251834
2140,0.7460925,0.443346,2.544147,1.017588,2.260602
2144,0.746343,0.4429721,2.541231,1.031062,2.277102
2148,0.7466135,0.4425683,2.538084,1.032814,2.280877
2152,0.747855,0.4407129,2.523652,1.039865,2.297167
2156,0.7489583,0.4390615,2.510848,1.041121,2.30625
2160,0.7508129,0.43628,2.489366,1.051031,2.330143
2164,0.7509543,0.4360677,2.487731,1.050412,2.330477
2168,0.7547728,0.4303179,2.443675,1.040834,2.347343
2172,0.7553513,0.4294444,2.437021,1.036892,2.347138
2176,0.7567582,0.4273171,2.420858,1.047395,2.369084
2180,0.7595033,0.4231547,2.389406,1.050028,2.3923
2184,0.75564,0.4290081,2.433701,1.070096,2.385812
2188,0.7593298,0.4234183,2.391391,1.050021,2.391
2192,0.7605256,0.4216008,2.377723,1.064469,2.416045
2196,0.7642836,0.4158706,2.334909,1.048117,2.42619
2200,0.7685025,0.4094039,2.287094,1.040987,2.450537
2204,0.7652581,0.41438,2.323841,1.070811,2.45932
2208,0.7629879,0.4178494,2.349647,1.086402,2.459037
2212,0.7665344,0.412425,2.309367,1.079491,2.478994
2216,0.7713227,0.4050614,2.255278,1.078135,2.51555
2220,0.7673551,0.4111661,2.300072,1.102363,2.510843
2224,0.7707838,0.4058924,2.261349,1.081871,2.515445
2228,0.7748345,0.3996315,2.215821,1.079671,2.545905
2232,0.7739519,0.4009985,2.225721,1.103915,2.566166
2236,0.7727211,0.4029021,2.239544,1.126535,2.581096
2240,0.7768502,0.3965037,2.193254,1.102958,2.589287
2244,0.7788073,0.3934591,2.171399,1.109893,2.613769
2248,0.7778206,0.3949952,2.182411,1.112749,2.608596
2252,0.7789946,0.3931674,2.169311,1.104294,2.608984
2256,0.7853296,0.3832574,2.098961,1.104762,2.664622
2260,0.7828298,0.3871776,2.126654,1.133485,2.675533
2264,0.7852017,0.3834583,2.100375,1.120096,2.681295
2268,0.7868977,0.380792,2.081634,1.114785,2.690326
2272,0.7833709,0.38633,2.120651,1.178408,2.730493
2276,0.7842336,0.3849776,2.111091,1.20154,2.763599
2280,0.787746,0.3794563,2.072277,1.193425,2.787338
2284,0.7900531,0.375816,2.046874,1.164407,2.776457
2288,0.7930163,0.3711252,2.014358,1.157243,2.796266
2292,0.7920181,0.3727074,2.025299,1.185015,2.818444
2296,0.7956259,0.3669795,1.985822,1.196854,2.86693
2300,0.7961583,0.366132,1.980012,1.224892,2.903761
2304,0.7950932,0.3678268,1.991639,1.221927,2.889829
2308,0.7932878,0.3706945,2.011384,1.252229,2.905119
2312,0.7904378,0.3752081,2.042646,1.294366,2.921438
2316,0.790885,0.374501,2.037734,1.299725,2.931462
2320,0.7933161,0.3706496,2.011075,1.331701,2.989097
2324,0.7938305,0.3698332,2.005445,1.313289,2.975369
2328,0.7900825,0.3757696,2.046551,1.317686,2.941914
2332,0.7879112,0.3791959,2.070454,1.319776,2.92241
2336,0.7940868,0.3694261,2.00264,1.311667,2.976308
2340,0.7913114,0.3738262,2.033051,1.347026,2.984101
2344,0.7893355,0.3769494,2.054767,1.386449,3.002861
2348,0.7921215,0.3725435,2.024163,1.353399,2.998826
2352,0.7973082,0.3642996,1.967475,1.348818,3.048448
2356,0.8000645,0.3598968,1.9375,1.371524,3.101516
2360,0.795864,0.3666004,1.983222,1.389491,3.074273
2364,0.7912971,0.3738489,2.033209,1.393289,3.029798
2368,0.7914059,0.3736767,2.032014,1.408602,3.045806
2372,0.7920641,0.3726345,2.024794,1.430683,3.073967
2376,0.7878017,0.3793685,2.071662,1.448409,3.04583
2380,0.7943477,0.3690117,1.999787,1.415978,3.084139
2384,0.7933276,0.3706313,2.010949,1.46262,3.1178
2388,0.7895184,0.3766606,2.052754,1.460706,3.075239
2392,0.7880334,0.3790033,2.069108,1.474738,3.072467
2396,0.791213,0.373982,2.034132,1.449273,3.08254
2400,0.7929667,0.3712039,2.014902,1.460417,3.111822
2404,0.793452,0.3704339,2.009587,1.472326,3.128258
2408,0.7860067,0.3821935,2.091475,1.533483,3.103345
2412,0.7872264,0.3802745,2.078007,1.515155,3.100239
2416,0.7877235,0.3794917,2.072524,1.529953,3.118602
2420,0.7867166,0.3810769,2.083633,1.535536,3.112702
2424,0.7864155,0.3815506,2.086958,1.519988,3.095886
2428,0.7882389,0.3786795,2.066843,1.497086,3.094885
2432,0.7919139,0.3728724,2.026441,1.473423,3.112615
2436,0.7908606,0.3745395,2.038001,1.485258,3.11219
2440,0.7942376,0.3691867,2.000992,1.479775,3.143807
2444,0.801506,0.3575882,1.921865,1.423343,3.170015
2448,0.8063493,0.3498008,1.869536,1.383817,3.184568
2452,0.8125455,0.3397697,1.803046,1.349525,3.219822
2456,0.8144651,0.3366466,1.782551,1.353805,3.247364
2460,0.813807,0.3377181,1.789571,1.360196,3.246522
2464,0.8183794,0.3302552,1.740906,1.351542,3.292403
2468,0.824015,0.3209993,1.681298,1.32213,3.329097
2472,0.8238553,0.3212624,1.682981,1.333188,3.34
2476,0.8272455,0.3156648,1.647311,1.32554,3.374709
2480,0.8313735,0.3088181,1.604077,1.312158,3.41318
2484,0.8357732,0.3014831,1.558231,1.310937,3.471706
2488,0.8346143,0.303419,1.570284,1.352452,3.506489
2492,0.8362813,0.3006336,1.552953,1.346464,3.522659
2496,0.8379872,0.2977774,1.535252,1.360304,3.563947
2500,0.8395441,0.2951658,1.51913,1.359887,3.586046
2504,0.8385096,0.2969017,1.52984,1.370636,3.584124
2508,0.8372131,0.2990742,1.54328,1.398957,3.599376
2512,0.8392276,0.295697,1.522405,1.38396,3.610826
2516,0.8408006,0.2930543,1.506139,1.407405,3.662589
2520,0.8401328,0.2941769,1.513041,1.419852,3.667481
2524,0.8422208,0.2906641,1.491481,1.409412,3.686526
2528,0.8405359,0.2934994,1.508875,1.438481,3.695722
2532,0.8420098,0.2910195,1.493657,1.448512,3.730184
2536,0.8394535,0.2953178,1.520067,1.480561,3.728354
2540,0.8422183,0.2906682,1.491506,1.453092,3.738837
2544,0.8434564,0.2885813,1.478747,1.445968,3.749623
2548,0.8434867,0.2885302,1.478435,1.456933,3.763175
2552,0.8438531,0.287912,1.474663,1.457721,3.76987
2556,0.8424451,0.2902862,1.489167,1.477715,3.771353
2560,0.8432226,0.2889757,1.481156,1.496574,3.805613
2564,0.8438678,0.2878872,1.474512,1.496278,3.815544
2568,0.8451294,0.2857563,1.461536,1.481761,3.818699
2572,0.8457552,0.2846981,1.455106,1.494129,3.843408
2576,0.8470749,0.2824641,1.441564,1.487332,3.856867
2580,0.8488875,0.27939,1.422997,1.465826,3.860802
2584,0.8496973,0.2780145,1.414716,1.478982,3.890226
2588,0.8498152,0.277814,1.41351,1.485072,3.899572
2592,0.8500192,0.2774674,1.411426,1.486635,3.904886
2596,0.8501997,0.2771605,1.409581,1.496755,3.92014
2600,0.8520643,0.2739864,1.390552,1.486736,3.93972
2604,0.8542963,0.2701778,1.367829,1.468042,3.955152
2608,0.8547296,0.2694373,1.363425,1.466573,3.960858
2612,0.8533053,0.27187,1.377911,1.485219,3.959241
2616,0.8542992,0.2701728,1.3678,1.486327,3.977908
2620,0.8552625,0.2685261,1.358012,1.474748,3.98041
2624,0.8567528,0.2659747,1.34289,1.455222,3.982086
2628,0.8580861,0.2636882,1.329383,1.463925,4.016962
2632,0.8604386,0.2596455,1.305603,1.451792,4.044067
2636,0.8601556,0.2601324,1.30846,1.460616,4.050303
2640,0.860545,0.2594624,1.304529,1.458649,4.054912
2644,0.8617187,0.257441,1.29269,1.449664,4.064894
2648,0.8621715,0.2566603,1.288127,1.453011,4.077699
2652,0.8627772,0.2556155,1.282027,1.45823,4.095878
2656,0.8629366,0.2553405,1.280423,1.457007,4.097273
2660,0.8616135,0.2576222,1.29375,1.460996,4.077723
2664,0.8632126,0.254864,1.277645,1.448777,4.09164
2668,0.8622133,0.2565883,1.287706,1.469762,4.100324
2672,0.8659602,0.2501129,1.250041,1.42593,4.113326
2676,0.8652022,0.2514251,1.257648,1.441199,4.119348
2680,0.8614095,0.2579736,1.295807,1.470771,4.086598
2684,0.8640649,0.2533918,1.269072,1.454127,4.114834
2688,0.8677241,0.2470549,1.232367,1.427221,4.149259
2692,0.8678604,0.2468182,1.231002,1.426727,4.151253
2696,0.8661532,0.2497787,1.248106,1.459692,4.162413
2700,0.8658667,0.2502749,1.25098,1.456274,4.15229
2704,0.8672561,0.2478669,1.237053,1.446036,4.165645
2708,0.8674634,0.2475072,1.234977,1.427796,4.14495
2712,0.8700134,0.2430767,1.209481,1.40347,4.161542
2716,0.8704855,0.242255,1.204769,1.389993,4.151968
2720,0.8698294,0.2433969,1.211319,1.4125,4.170487
2724,0.8684028,0.2458765,1.225575,1.429969,4.166347
2728,0.8720618,0.2395082,1.189054,1.371232,4.156688
2732,0.874061,0.2360174,1.169165,1.347606,4.162673
2736,0.8727198,0.2383602,1.182504,1.386187,4.191439
2740,0.8739402,0.2362285,1.170365,1.381518,4.209665
2744,0.8721574,0.2393415,1.188103,1.394995,4.192599
2748,0.8718346,0.2399045,1.191318,1.39309,4.183364
2752,0.8767241,0.2313549,1.142741,1.348825,4.219415
2756,0.8805796,0.2245796,1.104628,1.335127,4.281029
2760,0.8764744,0.2317927,1.145216,1.353903,4.22175
2764,0.8782747,0.2286335,1.127392,1.324259,4.214981
2768,0.8800133,0.2255765,1.110215,1.30744,4.226074
2772,0.8793926,0.2266686,1.116343,1.319559,4.231523
2776,0.8774387,0.2301013,1.135664,1.339907,4.221056
2780,0.8759969,0.2326295,1.149949,1.325476,4.169336
2784,0.8777367,0.2295782,1.132714,1.316089,4.191216
2788,0.8797318,0.226072,1.112995,1.302384,4.212213
2792,0.8804296,0.2248437,1.106107,1.302287,4.226978
2796,0.8791825,0.2270382,1.11842,1.325144,4.235604
2800,0.8797323,0.2260711,1.112989,1.2993,4.207428
2804,0.880533,0.2246616,1.105087,1.270481,4.179145
2808,0.8807178,0.2243361,1.103265,1.273439,4.187767
2812,0.8842479,0.2181057,1.068519,1.229127,4.192
2816,0.8827384,0.220773,1.08336,1.242052,4.180538
2820,0.8782857,0.2286142,1.127284,1.270536,4.132177
2824,0.8807194,0.2243333,1.103248,1.25008,4.150521
2828,0.8816057,0.2227714,1.094512,1.254635,4.176647
2832,0.8832209,0.2199208,1.078613,1.232429,4.175179
2836,0.879759,0.2260241,1.112726,1.262066,4.149473
2840,0.8820634,0.2219641,1.090003,1.227439,4.142234
2844,0.884452,0.2177447,1.066515,1.191751,4.133867
2848,0.8848532,0.2170348,1.062575,1.18661,4.13379
2852,0.8867114,0.2137429,1.044354,1.167313,4.141006
2856,0.8860829,0.2148571,1.050513,1.171827,4.135105
2860,0.8873164,0.2126696,1.03843,1.169186,4.157557
2864,0.8861981,0.2146529,1.049384,1.157853,4.113387
2868,0.8883927,0.2107584,1.027901,1.138836,4.127885
2872,0.8868586,0.2134817,1.042912,1.151227,4.116154
2876,0.8875219,0.2123049,1.036419,1.12867,4.090702
2880,0.8867878,0.2136074,1.043606,1.133865,4.084031
2884,0.8865603,0.2140108,1.045834,1.126984,4.066938
2888,0.8918537,0.2045969,0.9941271,1.082132,4.101353
2892,0.8877414,0.2119153,1.034271,1.129043,4.096145
2896,0.8883377,0.2108562,1.028439,1.116156,4.086034
2900,0.8912192,0.2057284,1.000309,1.084617,4.091785
2904,0.8931153,0.2023451,0.9818495,1.051059,4.070713
2908,0.895705,0.1977125,0.9566996,1.024569,4.077939
2912,0.8912122,0.2057409,1.000378,1.056668,4.039033
2916,0.8896858,0.2084593,1.015267,1.077356,4.044419
2920,0.8946487,0.1996037,0.9669492,1.022886,4.050466
2924,0.8942052,0.200397,0.9712559,1.024318,4.043253
2928,0.894987,0.1989983,0.9636655,1.01881,4.050083
2932,0.8955083,0.1980648,0.9586073,0.9991139,4.022569
2936,0.8945068,0.1998576,0.9683272,1.005378,4.012525
2940,0.8943257,0.2001816,0.9700862,0.998668,3.995068
2944,0.8937824,0.201153,0.9753641,1.004975,3.995543
2948,0.8947885,0.1993535,0.965592,0.9934826,3.995012
2952,0.8959454,0.1972818,0.9543688,0.9838398,4.001536
2956,0.893963,0.2008301,0.9736088,0.999086,3.987829
2960,0.8963433,0.1965687,0.9505128,0.9687359,3.979574
2964,0.8955103,0.1980613,0.9585882,0.977015,3.977811
2968,0.8953524,0.1983441,0.9601198,0.9632695,3.946113
2972,0.894519,0.1998358,0.968209,0.9655465,3.932357
2976,0.8949305,0.1990993,0.9642133,0.9679415,3.946342
2980,0.8966632,0.1959952,0.9474133,0.9476572,3.942976
2984,0.8964816,0.1963208,0.9491726,0.9409403,3.924823
2988,0.8970869,0.1952352,0.9433103,0.9387282,3.933714
2992,0.8975869,0.1943377,0.9384694,0.9234647,3.912506
2996,0.8986279,0.1924678,0.9284016,0.9097811,3.906462
3000,0.898726,0.1922915,0.9274535,0.902989,3.893891
3004,0.8975365,0.1944283,0.9389582,0.9058822,3.873558
3008,0.8969105,0.1955515,0.9450173,0.9067366,3.861557
3012,0.8977931,0.1939676,0.9364753,0.9014702,3.869694
3016,0.8988815,0.1920121,0.9259513,0.8877211,3.863876
3020,0.8981317,0.1933594,0.9331992,0.8831169,3.837029
3024,0.8979847,0.1936234,0.934621,0.8855625,3.839165
3028,0.8982503,0.1931464,0.9320527,0.8803364,3.833513
3032,0.8981791,0.1932744,0.9327415,0.8784176,3.827694
3036,0.8968279,0.1956998,0.9458179,0.8879523,3.81902
3040,0.8964673,0.1963465,0.9493114,0.8879386,3.811156
3044,0.8987927,0.1921716,0.926809,0.8616784,3.803914
3048,0.8978308,0.1938998,0.9361095,0.8676789,3.796223
3052,0.897894,0.1937864,0.9354991,0.8658571,3.793545
3056,0.897972,0.1936463,0.9347442,0.8595982,3.781262
3060,0.8982853,0.1930836,0.9317145,0.8514497,3.769765
3064,0.8989782,0.1918383,0.9250171,0.8412632,3.76176
3068,0.8978149,0.1939285,0.9362643,0.8492285,3.754555
3072,0.8986591,0.1924118,0.9281003,0.8392008,3.750103
3076,0.8999563,0.1900786,0.9155711,0.8238993,3.743189
3080,0.9003078,0.1894459,0.91218,0.8190606,3.73963
3084,0.8981101,0.1933982,0.9334084,0.8359563,3.730832
3088,0.898559,0.1925918,0.9290684,0.8269878,3.719959
3092,0.8984104,0.1928587,0.9305043,0.8246422,3.711365
3096,0.8980345,0.193534,0.9341395,0.8205517,3.693902
3100,0.9000164,0.1899706,0.914992,0.8007478,3.690226
3104,0.8994679,0.1909575,0.9202869,0.8041613,3.686437
3108,0.8996352,0.1906565,0.9186714,0.7957268,3.670125
3112,0.8992488,0.1913517,0.922403,0.794659,3.65933
3116,0.8992398,0.1913677,0.9224891,0.7999799,3.671701
3120,0.8990142,0.1917735,0.9246694,0.7928959,3.650164
3124,0.8990487,0.1917115,0.924336,0.792591,3.650176
3128,0.8984845,0.1927255,0.9297879,0.7896448,3.631277
3132,0.8992459,0.1913568,0.9224305,0.7832327,3.632117
3136,0.9002132,0.1896161,0.9130922,0.7728143,3.62765
3140,0.8989968,0.1918048,0.9248375,0.7788252,3.616326
3144,0.8989676,0.1918573,0.9251196,0.7751658,3.60695
3148,0.8981214,0.1933779,0.9332989,0.783758,3.60973
3152,0.8967833,0.1957797,0.94625,0.7878407,3.591671
3156,0.8987594,0.1922316,0.9271314,0.7694122,3.588772
3160,0.8991392,0.1915486,0.9234611,0.7653274,3.586852
3164,0.8980401,0.1935241,0.9340858,0.7754094,3.588184
3168,0.8983622,0.1929453,0.9309703,0.7704712,3.583053
3172,0.8990534,0.191703,0.9242905,0.7609505,3.574459
3176,0.9003138,0.1894351,0.9121219,0.7483807,3.570088
3180,0.8998246,0.1903158,0.9168433,0.7454216,3.552542
3184,0.8986863,0.192363,0.9278378,0.7554209,3.553412
3188,0.898469,0.1927534,0.9299377,0.7568518,3.552406
3192,0.8969366,0.1955047,0.9447651,0.7643555,3.53916
3196,0.8991265,0.1915716,0.9235844,0.7402827,3.525402
3200,0.8978816,0.1938087,0.9356188,0.7524279,3.52963
3204,0.8970689,0.1952674,0.9434839,0.7558628,3.521448
3208,0.8959982,0.1971872,0.9538574,0.7607542,3.511674
3212,0.8954515,0.1981665,0.9591583,0.7660049,3.513271
3216,0.8945089,0.1998538,0.9683067,0.7765518,3.519412
3220,0.8940123,0.2007419,0.9731298,0.7794629,3.516412
3224,0.8934186,0.2018032,0.9789003,0.7870449,3.522317
3228,0.8932118,0.2021726,0.9809104,0.7796807,3.501253
3232,0.8930771,0.2024132,0.9822205,0.7824244,3.50498
3236,0.8941022,0.2005813,0.9722567,0.7767941,3.511961
3240,0.8950522,0.1988816,0.9630328,0.7670817,3.507896
3244,0.8972775,0.1948931,0.9414647,0.7557774,3.525461
3248,0.8986754,0.1923825,0.9279425,0.7421488,3.520741
3252,0.9009798,0.1882355,0.9056993,0.7257628,3.527632
3256,0.8992895,0.1912783,0.9220089,0.7375131,3.521913
3260,0.8981952,0.1932454,0.9325852,0.7435369,3.514342
3264,0.897346,0.1947702,0.9408017,0.7471589,3.505974
3268,0.8962101,0.1968074,0.951803,0.756349,3.505368
3272,0.8968174,0.1957186,0.9459197,0.7475292,3.496251
3276,0.8985901,0.1925358,0.928767,0.7380222,3.508841
3280,0.8992856,0.1912854,0.922047,0.7274483,3.496814
3284,0.9008068,0.1885471,0.907367,0.7114321,3.487683
3288,0.9020064,0.1863845,0.8958079,0.706978,3.501242
3292,0.901143,0.1879413,0.9041255,0.7070328,3.483388
3296,0.8994872,0.1909228,0.9201003,0.7268867,3.49954
3300,0.9006007,0.1889184,0.9093543,0.7282814,3.526056
3304,0.9027175,0.185101,0.8889624,0.7054354,3.512239
3308,0.9043038,0.1822346,0.8737129,0.6915842,3.50979
3312,0.9014836,0.1873273,0.9008434,0.7113114,3.501435
3316,0.9019231,0.1865348,0.8966104,0.7033642,3.490172
3320,0.9002692,0.1895154,0.9125521,0.7166914,3.489957
3324,0.9008559,0.1884586,0.9068933,0.7141953,3.49574
3328,0.9034571,0.1837652,0.8818492,0.6970117,3.505985
3332,0.9002509,0.1895483,0.9127287,0.7193677,3.496347
3336,0.8992312,0.1913832,0.9225726,0.7288728,3.499254
3340,0.9034636,0.1837535,0.8817866,0.6988934,3.51105
3344,0.9030244,0.184547,0.8860106,0.7083403,3.526278
3348,0.9011651,0.1879015,0.9039129,0.7236568,3.526191
3352,0.8997488,0.1904521,0.9175745,0.7356051,3.52666
3356,0.9005118,0.1890785,0.9102119,0.7228482,3.510529
3360,0.9005888,0.1889398,0.9094691,0.727382,3.523547
3364,0.8997467,0.1904559,0.9175947,0.7376472,3.53169
3368,0.8981317,0.1933595,0.9331998,0.7428523,3.511374
3372,0.9000217,0.1899609,0.9149402,0.7265508,3.509698
3376,0.8996363,0.1906546,0.9186609,0.7269056,3.502645
3380,0.8991266,0.1915714,0.923583,0.720284,3.475646
3384,0.898796,0.1921657,0.9267772,0.7080129,3.438058
3388,0.8990223,0.1917588,0.9245902,0.7055112,3.436257
3392,0.9010838,0.1880481,0.9046968,0.6827307,3.419195
3396,0.9002499,0.1895501,0.9127383,0.6653747,3.356734
3400,0.9024473,0.1855888,0.8915626,0.6348863,3.318262
